GEOID,tract,locality,state,pop_est,med_earn_16,med_earn_25,med_earn_nohs,med_earn_hs,med_earn_col,med_earn_bd,med_earn_gd,poverty_est,cpov_est,unemployment_rate,geometry,tract_name
51003010100,Census Tract 101,Albemarle County,Virginia,4647,55581,62206,21198,46430,53750,60662,117232,4.1,0,2.9,"list(list(c(-78.788073, -78.78594, -78.783489, -78.780144, -78.779496, -78.77946, -78.779075, -78.775432, -78.77411, -78.774145, -78.772112, -78.77149, -78.77039, -78.770463, -78.771769, -78.769785, -78.76817, -78.768348, -78.766994, -78.76603, -78.764901, -78.763426, -78.761957, -78.76188, -78.758995, -78.756822, -78.756494, -78.754943, -78.752611, -78.75279, -78.750933, -78.75229, -78.749396, -78.746471, -78.745174, -78.742136, -78.740543, -78.73764, -78.73414, -78.730498, -78.726443, -78.726272, 
-78.722426, -78.721097, -78.715574, -78.711239, -78.710624, -78.710006, -78.706735, -78.706566, -78.704336, -78.702277, -78.697744, -78.692865, -78.689787, -78.689397, -78.686347, -78.685286, -78.682488, -78.681032, -78.678039, -78.675913, -78.674483, -78.671603, -78.669806, -78.668725, -78.665093, -78.662188, -78.660079, -78.658975, -78.656532, -78.655347, -78.657236, -78.659777, -78.662158, -78.6625, -78.666398, -78.66374, -78.661186, -78.660758, -78.662049, -78.663898, -78.663145, -78.620785, 
-78.606539, -78.593696, -78.542088, -78.523159, -78.522374, -78.465449, -78.465694, -78.468993, -78.47163, -78.474829, -78.476483, -78.478049, -78.480055, -78.481237, -78.482498, -78.482827, -78.484121, -78.485883, -78.488026, -78.492213, -78.493578, -78.49276, -78.49309, -78.49412, -78.494584, -78.496347, -78.49916, -78.502135, -78.504505, -78.506214, -78.511704, -78.515711, -78.520668, -78.524458, -78.524591, -78.525567, -78.524791, -78.52531, -78.528084, -78.527193, -78.526377, -78.525065, -78.523805, 
-78.519091, -78.516283, -78.514861, -78.516942, -78.51703, -78.519024, -78.520808, -78.522409, -78.523823, -78.525664, -78.525742, -78.528303, -78.530211, -78.532259, -78.532012, -78.533258, -78.532576, -78.532967, -78.534951, -78.538147, -78.538941, -78.540849, -78.543402, -78.543366, -78.54198, -78.541608, -78.545388, -78.548255, -78.549689, -78.550075, -78.551708, -78.549684, -78.547104, -78.545208, -78.546827, -78.548143, -78.54949, -78.552861, -78.556686, -78.557532, -78.555873, -78.555873, 
-78.557872, -78.561637, -78.564096, -78.564751, -78.561595, -78.561991, -78.571794, -78.57402, -78.576845, -78.579549, -78.580422, -78.580013, -78.582887, -78.584323, -78.586638, -78.589283, -78.592433, -78.593192, -78.592133, -78.593552, -78.594231, -78.598579, -78.600362, -78.602442, -78.608899, -78.609435, -78.611773, -78.613109, -78.616962, -78.616754, -78.618818, -78.621215, -78.625767, -78.626171, -78.628669, -78.632028, -78.630301, -78.630546, -78.633241, -78.637004, -78.636254, -78.636489, 
-78.638214, -78.638794, -78.637118, -78.640133, -78.639489, -78.642967, -78.644354, -78.646442, -78.647875, -78.647693, -78.649094, -78.651134, -78.650402, -78.651649, -78.651123, -78.649268, -78.650315, -78.651738, -78.654145, -78.654633, -78.657048, -78.658559, -78.663416, -78.66609, -78.667694, -78.671602, -78.672824, -78.674561, -78.682057, -78.682897, -78.690761, -78.692145, -78.69267, -78.692134, -78.694592, -78.694439, -78.695795, -78.69528, -78.69617, -78.703322, -78.704636, -78.712314, -78.714634, 
-78.718244, -78.737435, -78.743727, -78.744899, -78.749376, -78.751276, -78.753676, -78.760039, -78.763283, -78.770718, -78.772626, -78.775844, -78.780301, -78.781152, -78.780703, -78.783749, -78.78256, -78.780155, -78.779211, -78.780972, -78.779988, -78.780654, -78.782742, -78.783798, -78.78579, -78.785853, -78.787544, -78.786896, -78.785311, -78.785356, -78.787187, -78.787288, -78.788073, 38.126404, 38.129031, 38.129318, 38.131495, 38.132092, 38.137125, 38.139889, 38.141008, 38.145517, 38.14984, 
38.153362, 38.158431, 38.161022, 38.162855, 38.166101, 38.168017, 38.17106, 38.173465, 38.175664, 38.175957, 38.177887, 38.178091, 38.180268, 38.182554, 38.18554, 38.187197, 38.190433, 38.192709, 38.194238, 38.197072, 38.198948, 38.201284, 38.206648, 38.211565, 38.214431, 38.21772, 38.218945, 38.219294, 38.222714, 38.225835, 38.229972, 38.231955, 38.233013, 38.234339, 38.235867, 38.238639, 38.240466, 38.242445, 38.24465, 38.246438, 38.246991, 38.246198, 38.245738, 38.247286, 38.248838, 38.249855, 
38.251406, 38.252822, 38.254616, 38.254905, 38.254073, 38.252875, 38.250428, 38.247925, 38.247327, 38.250675, 38.251962, 38.253476, 38.255375, 38.258043, 38.259058, 38.26026, 38.260566, 38.262522, 38.263643, 38.264783, 38.266053, 38.267203, 38.269011, 38.270949, 38.271812, 38.276676, 38.277933, 38.263271, 38.258172, 38.253523, 38.237367, 38.231422, 38.231082, 38.214047, 38.213302, 38.209269, 38.203032, 38.201256, 38.201163, 38.199566, 38.198555, 38.196393, 38.195157, 38.192895, 38.191103, 38.186369, 
38.182836, 38.18278, 38.181051, 38.178167, 38.175872, 38.174518, 38.176087, 38.177294, 38.177281, 38.176539, 38.174677, 38.171259, 38.168646, 38.165061, 38.159725, 38.156797, 38.153138, 38.151924, 38.149111, 38.146186, 38.142275, 38.14149, 38.135525, 38.133123, 38.131825, 38.128471, 38.129521, 38.128694, 38.125796, 38.124145, 38.122683, 38.122431, 38.12132, 38.121639, 38.123197, 38.127807, 38.128738, 38.128197, 38.129709, 38.130988, 38.133999, 38.136841, 38.13853, 38.138852, 38.137643, 38.135506, 
38.134583, 38.135858, 38.137377, 38.139247, 38.14119, 38.143404, 38.142001, 38.14032, 38.138125, 38.136981, 38.135455, 38.134685, 38.133214, 38.130761, 38.131132, 38.12962, 38.128653, 38.129312, 38.128127, 38.127816, 38.126836, 38.125925, 38.122361, 38.12246, 38.121683, 38.119995, 38.117947, 38.117505, 38.118188, 38.116561, 38.116224, 38.115514, 38.113895, 38.111477, 38.108997, 38.108132, 38.10412, 38.103483, 38.102603, 38.097488, 38.097038, 38.095176, 38.096381, 38.098524, 38.098641, 38.09474, 38.092494, 
38.091922, 38.090444, 38.090779, 38.089298, 38.088106, 38.085909, 38.083026, 38.080942, 38.081264, 38.08033, 38.07874, 38.076924, 38.0776, 38.076543, 38.074584, 38.073203, 38.073232, 38.072372, 38.070172, 38.068716, 38.06808, 38.065856, 38.063768, 38.06345, 38.061987, 38.063331, 38.06462, 38.064756, 38.067225, 38.068846, 38.07425, 38.076684, 38.077882, 38.078342, 38.080521, 38.081876, 38.084281, 38.089544, 38.089672, 38.089203, 38.089796, 38.08827, 38.088251, 38.087027, 38.094855, 38.095173, 38.094939, 
38.095681, 38.095427, 38.098126, 38.100462, 38.102219, 38.104053, 38.10582, 38.106579, 38.108578, 38.108462, 38.109368, 38.110583, 38.110312, 38.107564, 38.106118, 38.104978, 38.101708, 38.10073, 38.100898, 38.099168, 38.099251, 38.0954, 38.095474, 38.094867, 38.096343, 38.097835, 38.098949, 38.099851, 38.102673, 38.104242, 38.106875, 38.107639, 38.109563, 38.112784, 38.113284, 38.114321, 38.114494, 38.116112, 38.117288, 38.118559, 38.119242, 38.120743, 38.121921, 38.125134, 38.126404)))",Free Union
51003010201,Census Tract 102.01,Albemarle County,Virginia,6082,58836,66402,46193,49025,52269,82802,75192,6,8.3,0.9,"list(list(c(-78.49412, -78.49309, -78.49276, -78.493578, -78.492213, -78.488026, -78.485883, -78.484121, -78.482827, -78.482498, -78.481237, -78.480055, -78.478049, -78.476483, -78.474829, -78.47163, -78.468993, -78.465694, -78.465449, -78.44242, -78.438379, -78.43838, -78.416816, -78.396706, -78.396281, -78.39031, -78.377436, -78.368984, -78.347837, -78.344325, -78.332451, -78.336325, -78.337255, -78.347593, -78.34906, -78.359732, -78.361946, -78.368082, -78.370891, -78.371953, -78.396238, -78.401777, 
-78.402736, -78.403515, -78.400419, -78.398477, -78.395873, -78.394691, -78.399234, -78.401824, -78.405736, -78.407846, -78.40606, -78.406235, -78.41227, -78.416476, -78.419884, -78.42094, -78.421151, -78.418567, -78.415284, -78.414919, -78.416259, -78.419136, -78.421861, -78.422761, -78.425932, -78.427612, -78.42688, -78.423906, -78.424672, -78.426974, -78.430358, -78.433039, -78.433187, -78.435666, -78.439241, -78.441854, -78.442352, -78.442585, -78.443426, -78.443742, -78.443939, -78.444222, -78.446762, 
-78.447546, -78.446027, -78.446378, -78.447315, -78.449741, -78.452683, -78.455419, -78.45759, -78.45988, -78.459249, -78.458294, -78.458991, -78.464147, -78.465321, -78.468401, -78.470697, -78.473793, -78.475444, -78.479578, -78.482551, -78.482835, -78.486821, -78.488912, -78.490892, -78.493542, -78.493554, -78.49412, 38.174518, 38.175872, 38.178167, 38.181051, 38.18278, 38.182836, 38.186369, 38.191103, 38.192895, 38.195157, 38.196393, 38.198555, 38.199566, 38.201163, 38.201256, 38.203032, 38.209269, 
38.213302, 38.214047, 38.207296, 38.205844, 38.205809, 38.199299, 38.192075, 38.192018, 38.190694, 38.186914, 38.184146, 38.17878, 38.177786, 38.173829, 38.172546, 38.171765, 38.157703, 38.156303, 38.148755, 38.147939, 38.147926, 38.147555, 38.147124, 38.134006, 38.129042, 38.130306, 38.13445, 38.134654, 38.133573, 38.134648, 38.137018, 38.140139, 38.140086, 38.141743, 38.14416, 38.146641, 38.147044, 38.147483, 38.147149, 38.146045, 38.146525, 38.149533, 38.151301, 38.151696, 38.153204, 38.155032, 
38.151855, 38.152379, 38.154123, 38.155163, 38.15675, 38.158977, 38.162385, 38.163353, 38.161799, 38.161873, 38.158837, 38.156833, 38.153938, 38.151099, 38.150997, 38.150671, 38.150425, 38.149126, 38.148139, 38.147679, 38.147324, 38.145879, 38.143753, 38.141169, 38.138995, 38.137407, 38.135444, 38.130688, 38.128325, 38.127566, 38.12779, 38.131822, 38.133856, 38.135509, 38.140824, 38.142325, 38.144421, 38.14557, 38.147676, 38.149294, 38.151668, 38.155952, 38.157933, 38.160666, 38.162805, 38.166472, 
38.170587, 38.173047, 38.174518)))",Charlottesville-Albemarle Airport
51003010202,Census Tract 102.02,Albemarle County,Virginia,3158,73841,85486,NA,NA,59861,44444,133438,2.2,0,0.9,"list(list(c(-78.592433, -78.589283, -78.586638, -78.584323, -78.582887, -78.580013, -78.580422, -78.579549, -78.576845, -78.57402, -78.571794, -78.561991, -78.561595, -78.564751, -78.564096, -78.561637, -78.557872, -78.555873, -78.555873, -78.557532, -78.556686, -78.552861, -78.54949, -78.548143, -78.546827, -78.545208, -78.547104, -78.549684, -78.551708, -78.550075, -78.549689, -78.548255, -78.545388, -78.541608, -78.54198, -78.543366, -78.543402, -78.540849, -78.538941, -78.538147, -78.534951, 
-78.532967, -78.532576, -78.533258, -78.532012, -78.532259, -78.530211, -78.528303, -78.525742, -78.525664, -78.523823, -78.522409, -78.520808, -78.519024, -78.51703, -78.516942, -78.514861, -78.516283, -78.519091, -78.523805, -78.525065, -78.526377, -78.527193, -78.528084, -78.52531, -78.524791, -78.525567, -78.524591, -78.524458, -78.520668, -78.515711, -78.511704, -78.506214, -78.504505, -78.502135, -78.49916, -78.496347, -78.494584, -78.49412, -78.493554, -78.493542, -78.490892, -78.488912, -78.486821, 
-78.482835, -78.482551, -78.479578, -78.475444, -78.473793, -78.470697, -78.468401, -78.465321, -78.464147, -78.458991, -78.458294, -78.459249, -78.45988, -78.461779, -78.460715, -78.459041, -78.458788, -78.459288, -78.460071, -78.462366, -78.465769, -78.465829, -78.46574, -78.469091, -78.47105, -78.472692, -78.47512, -78.479692, -78.482343, -78.484581, -78.487732, -78.488439, -78.488187, -78.489639, -78.491796, -78.49295, -78.495073, -78.495054, -78.496449, -78.496879, -78.495801, -78.499549, -78.501263, 
-78.504703, -78.504614, -78.507478, -78.508223, -78.511261, -78.511165, -78.512259, -78.514287, -78.517079, -78.517017, -78.518108, -78.519393, -78.520832, -78.520951, -78.522209, -78.520757, -78.525176, -78.52901, -78.529468, -78.529254, -78.527344, -78.529005, -78.529581, -78.531575, -78.535837, -78.537567, -78.540007, -78.542491, -78.543654, -78.543722, -78.54255, -78.543079, -78.542919, -78.545513, -78.547645, -78.557133, -78.560088, -78.575145, -78.57926, -78.581459, -78.585088, -78.589936, 
-78.593192, -78.592433, 38.103483, 38.10412, 38.108132, 38.108997, 38.111477, 38.113895, 38.115514, 38.116224, 38.116561, 38.118188, 38.117505, 38.117947, 38.119995, 38.121683, 38.12246, 38.122361, 38.125925, 38.126836, 38.127816, 38.128127, 38.129312, 38.128653, 38.12962, 38.131132, 38.130761, 38.133214, 38.134685, 38.135455, 38.136981, 38.138125, 38.14032, 38.142001, 38.143404, 38.14119, 38.139247, 38.137377, 38.135858, 38.134583, 38.135506, 38.137643, 38.138852, 38.13853, 38.136841, 38.133999, 
38.130988, 38.129709, 38.128197, 38.128738, 38.127807, 38.123197, 38.121639, 38.12132, 38.122431, 38.122683, 38.124145, 38.125796, 38.128694, 38.129521, 38.128471, 38.131825, 38.133123, 38.135525, 38.14149, 38.142275, 38.146186, 38.149111, 38.151924, 38.153138, 38.156797, 38.159725, 38.165061, 38.168646, 38.171259, 38.174677, 38.176539, 38.177281, 38.177294, 38.176087, 38.174518, 38.173047, 38.170587, 38.166472, 38.162805, 38.160666, 38.157933, 38.155952, 38.151668, 38.149294, 38.147676, 38.14557, 
38.144421, 38.142325, 38.140824, 38.135509, 38.133856, 38.131822, 38.12779, 38.124587, 38.123618, 38.120561, 38.118967, 38.11534, 38.112195, 38.107711, 38.105591, 38.104666, 38.103494, 38.104757, 38.103844, 38.099874, 38.096964, 38.093765, 38.093279, 38.09129, 38.091219, 38.092981, 38.093928, 38.095866, 38.096159, 38.0976, 38.098569, 38.099636, 38.099481, 38.098248, 38.096019, 38.097229, 38.098324, 38.095886, 38.094393, 38.09166, 38.090084, 38.088125, 38.085775, 38.082168, 38.081955, 38.083999, 38.082137, 
38.081962, 38.082995, 38.081425, 38.08014, 38.079273, 38.078158, 38.077946, 38.079006, 38.078523, 38.076986, 38.076063, 38.074422, 38.075125, 38.074706, 38.078333, 38.079121, 38.080991, 38.082098, 38.083135, 38.085456, 38.091019, 38.092253, 38.094963, 38.099309, 38.100851, 38.103541, 38.104184, 38.101455, 38.103953, 38.10452, 38.104297, 38.102628, 38.102603, 38.103483)))",Earlysville
51003010301,Census Tract 103.01,Albemarle County,Virginia,2310,46673,57476,NA,NA,NA,69201,93598,18,28.9,5.6,"list(list(c(-78.465769, -78.462366, -78.460071, -78.459288, -78.458788, -78.459041, -78.460715, -78.461779, -78.45988, -78.45759, -78.455419, -78.452683, -78.449741, -78.447315, -78.446378, -78.446027, -78.447546, -78.446762, -78.444222, -78.443939, -78.443742, -78.443426, -78.442585, -78.442352, -78.441854, -78.439241, -78.435666, -78.433187, -78.433039, -78.430358, -78.426974, -78.424672, -78.423906, -78.42688, -78.427612, -78.425932, -78.422761, -78.421861, -78.433416, -78.435287, -78.4458, -78.447315, 
-78.452656, -78.45751, -78.460009, -78.461235, -78.46574, -78.465829, -78.465769, 38.105591, 38.107711, 38.112195, 38.11534, 38.118967, 38.120561, 38.123618, 38.124587, 38.12779, 38.127566, 38.128325, 38.130688, 38.135444, 38.137407, 38.138995, 38.141169, 38.143753, 38.145879, 38.147324, 38.147679, 38.148139, 38.149126, 38.150425, 38.150671, 38.150997, 38.151099, 38.153938, 38.156833, 38.158837, 38.161873, 38.161799, 38.163353, 38.162385, 38.158977, 38.15675, 38.155163, 38.154123, 38.152379, 38.134269, 
38.132123, 38.12267, 38.1212, 38.113144, 38.105695, 38.102564, 38.101011, 38.103494, 38.104666, 38.105591)))",Berkmar Drive
51003010302,Census Tract 103.02,Albemarle County,Virginia,1418,87790,88902,NA,88725,108011,81648,138214,0.9,0,2,"list(list(c(-78.460009, -78.45751, -78.452656, -78.450302, -78.447449, -78.443116, -78.441514, -78.439065, -78.435654, -78.433394, -78.430538, -78.429935, -78.427998, -78.42761, -78.424554, -78.423071, -78.425269, -78.427991, -78.429969, -78.43048, -78.434104, -78.440619, -78.442982, -78.443616, -78.443507, -78.444827, -78.445378, -78.447302, -78.449122, -78.452062, -78.453935, -78.461235, -78.460009, 38.102564, 38.105695, 38.113144, 38.11154, 38.110835, 38.110856, 38.108688, 38.107145, 38.106107, 
38.10848, 38.10899, 38.108362, 38.107147, 38.106435, 38.108836, 38.104531, 38.100987, 38.098581, 38.09547, 38.095405, 38.096798, 38.091693, 38.088247, 38.088873, 38.092725, 38.094441, 38.097207, 38.098938, 38.099165, 38.097267, 38.097466, 38.101011, 38.102564)))",Polo Grounds Road
51003010303,Census Tract 103.03,Albemarle County,Virginia,5385,59394,62733,38462,50689,60694,65846,79872,3.4,3.3,2,"list(list(c(-78.452656, -78.447315, -78.4458, -78.435287, -78.433416, -78.421861, -78.419136, -78.416259, -78.414919, -78.415284, -78.418567, -78.421151, -78.42094, -78.419884, -78.416476, -78.41227, -78.406235, -78.40606, -78.407846, -78.405736, -78.401824, -78.399234, -78.394691, -78.395873, -78.398477, -78.400419, -78.403515, -78.402736, -78.401777, -78.420841, -78.424554, -78.42761, -78.427998, -78.429935, -78.430538, -78.433394, -78.435654, -78.439065, -78.441514, -78.443116, -78.447449, -78.450302, 
-78.452656, 38.113144, 38.1212, 38.12267, 38.132123, 38.134269, 38.152379, 38.151855, 38.155032, 38.153204, 38.151696, 38.151301, 38.149533, 38.146525, 38.146045, 38.147149, 38.147483, 38.147044, 38.146641, 38.14416, 38.141743, 38.140086, 38.140139, 38.137018, 38.134648, 38.133573, 38.134654, 38.13445, 38.130306, 38.129042, 38.111365, 38.108836, 38.106435, 38.107147, 38.108362, 38.10899, 38.10848, 38.106107, 38.107145, 38.108688, 38.110856, 38.110835, 38.11154, 38.113144)))",Hollymead
51003010401,Census Tract 104.01,Albemarle County,Virginia,4447,56361,58091,NA,45170,54630,87917,65281,3.7,0.4,2.2,"list(list(c(-78.446798, -78.444962, -78.441836, -78.442982, -78.440619, -78.434104, -78.43048, -78.429969, -78.427991, -78.425269, -78.423071, -78.424554, -78.420841, -78.401777, -78.396238, -78.371953, -78.370891, -78.368082, -78.361946, -78.359732, -78.34906, -78.347593, -78.337255, -78.336325, -78.332451, -78.299464, -78.281118, -78.256818, -78.209384, -78.253662, -78.253686, -78.253989, -78.274773, -78.28492, -78.293178, -78.306763, -78.315715, -78.324615, -78.331591, -78.334909, -78.338815, 
-78.358014, -78.372307, -78.373585, -78.378537, -78.383043, -78.392958, -78.394482, -78.397189, -78.400762, -78.402654, -78.405131, -78.412818, -78.415714, -78.424744, -78.42377, -78.423155, -78.422903, -78.42252, -78.422165, -78.422217, -78.421248, -78.421588, -78.420858, -78.420656, -78.419629, -78.419142, -78.416286, -78.413387, -78.410532, -78.409067, -78.405496, -78.403055, -78.397643, -78.396109, -78.393613, -78.38935, -78.38363, -78.380014, -78.375821, -78.380078, -78.382903, -78.385526, -78.387553, 
-78.389912, -78.392919, -78.394789, -78.395288, -78.397646, -78.399931, -78.402033, -78.404186, -78.406499, -78.408707, -78.412145, -78.415722, -78.417874, -78.424556, -78.42705, -78.428946, -78.431676, -78.433043, -78.438504, -78.439508, -78.43976, -78.446303, -78.44683, -78.446798, 38.08024, 38.083968, 38.086638, 38.088247, 38.091693, 38.096798, 38.095405, 38.09547, 38.098581, 38.100987, 38.104531, 38.108836, 38.111365, 38.129042, 38.134006, 38.147124, 38.147555, 38.147926, 38.147939, 38.148755, 
38.156303, 38.157703, 38.171765, 38.172546, 38.173829, 38.162843, 38.156446, 38.147905, 38.131128, 38.063306, 38.06327, 38.062813, 38.042429, 38.029806, 38.020989, 38.006474, 37.996219, 37.986009, 37.987056, 37.987855, 37.989488, 37.999173, 38.007496, 38.008063, 38.009067, 38.009902, 38.011741, 38.012366, 38.014379, 38.016231, 38.01676, 38.016624, 38.015339, 38.015279, 38.016272, 38.018206, 38.021215, 38.0216, 38.022296, 38.02362, 38.024186, 38.026997, 38.028095, 38.030923, 38.033657, 38.034612, 
38.036993, 38.040134, 38.040098, 38.041623, 38.042157, 38.041455, 38.041447, 38.043108, 38.045006, 38.045189, 38.046424, 38.048683, 38.050489, 38.05107, 38.053964, 38.055113, 38.058244, 38.059046, 38.061161, 38.061783, 38.061139, 38.063398, 38.064926, 38.065427, 38.066493, 38.069265, 38.069799, 38.071573, 38.072057, 38.072491, 38.073661, 38.07336, 38.074053, 38.072631, 38.071319, 38.071883, 38.072961, 38.072304, 38.073884, 38.077627, 38.078357, 38.08024)))",Stony Point - Keswick
51003010402,Census Tract 104.02,Albemarle County,Virginia,3470,62105,66464,NA,55625,51594,60250,109444,2.8,7.3,4.1,"list(list(c(-78.481101, -78.475109, -78.474959, -78.469504, -78.469202, -78.467685, -78.463562, -78.462089, -78.45908, -78.456868, -78.454668, -78.454296, -78.450971, -78.448402, -78.448053, -78.4478, -78.443364, -78.439139, -78.429757, -78.429239, -78.424744, -78.415714, -78.412818, -78.405131, -78.402654, -78.400762, -78.397189, -78.394482, -78.392958, -78.383043, -78.378537, -78.373585, -78.372307, -78.358014, -78.338815, -78.334909, -78.331591, -78.324615, -78.324924, -78.351164, -78.366568, 
-78.36929, -78.369353, -78.370578, -78.37485, -78.37771, -78.38101, -78.381263, -78.380676, -78.381111, -78.382587, -78.386479, -78.386835, -78.388259, -78.389506, -78.395162, -78.398346, -78.401943, -78.405396, -78.410151, -78.411587, -78.415599, -78.416742, -78.418268, -78.425468, -78.431029, -78.432495, -78.434582, -78.442989, -78.443165, -78.444768, -78.447455, -78.449882, -78.451386, -78.451751, -78.450667, -78.450904, -78.454975, -78.455233, -78.456696, -78.457841, -78.460485, -78.462652, -78.463562, 
-78.470864, -78.474746, -78.477078, -78.481101, 38.00383, 38.013917, 38.013758, 38.011745, 38.014555, 38.017892, 38.020533, 38.022528, 38.022352, 38.021288, 38.021604, 38.020574, 38.018073, 38.017349, 38.016929, 38.016312, 38.014829, 38.013526, 38.013632, 38.014891, 38.016272, 38.015279, 38.015339, 38.016624, 38.01676, 38.016231, 38.014379, 38.012366, 38.011741, 38.009902, 38.009067, 38.008063, 38.007496, 37.999173, 37.989488, 37.987855, 37.987056, 37.986009, 37.985657, 37.955804, 37.938288, 37.942025, 
37.945208, 37.947804, 37.948217, 37.949937, 37.953822, 37.955683, 37.958182, 37.96019, 37.962985, 37.967657, 37.969371, 37.970806, 37.97121, 37.970922, 37.971362, 37.971109, 37.970364, 37.969869, 37.970446, 37.973941, 37.976785, 37.977983, 37.980703, 37.982332, 37.983234, 37.985945, 37.989449, 37.990053, 37.992871, 37.993312, 37.994618, 37.996979, 37.998355, 38.000712, 38.001332, 38.003026, 38.004445, 38.005895, 38.006055, 38.008535, 38.008354, 38.009362, 38.006383, 38.003719, 38.003011, 38.00383
)))",Village of Rivanna
51003010501,Census Tract 105.01,Albemarle County,Virginia,3014,64310,66250,NA,37310,34583,84093,71711,2.5,0,4.5,"list(list(c(-78.454092, -78.454732, -78.453741, -78.449215, -78.447718, -78.446686, -78.4463, -78.447563, -78.447652, -78.449214, -78.451571, -78.451366, -78.447738, -78.443317, -78.44276, -78.439508, -78.438504, -78.433043, -78.431676, -78.428946, -78.42705, -78.424556, -78.417874, -78.415722, -78.412145, -78.408707, -78.406499, -78.404186, -78.402033, -78.399931, -78.397646, -78.395288, -78.394789, -78.392919, -78.389912, -78.387553, -78.385526, -78.382903, -78.380078, -78.375821, -78.380014, -78.38363, 
-78.38935, -78.393613, -78.396109, -78.397643, -78.403055, -78.405496, -78.409067, -78.410532, -78.413387, -78.416286, -78.419142, -78.419629, -78.420656, -78.420858, -78.421588, -78.421248, -78.422217, -78.422165, -78.42252, -78.422903, -78.423155, -78.42377, -78.424744, -78.427806, -78.430352, -78.430602, -78.431722, -78.432135, -78.434771, -78.434075, -78.431066, -78.430491, -78.437083, -78.4392, -78.444114, -78.447452, -78.452402, -78.455013, -78.454092, 38.039243, 38.045278, 38.045762, 38.045306, 
38.045713, 38.047904, 38.049421, 38.053525, 38.056589, 38.058929, 38.060819, 38.06206, 38.065455, 38.067283, 38.07018, 38.072304, 38.072961, 38.071883, 38.071319, 38.072631, 38.074053, 38.07336, 38.073661, 38.072491, 38.072057, 38.071573, 38.069799, 38.069265, 38.066493, 38.065427, 38.064926, 38.063398, 38.061139, 38.061783, 38.061161, 38.059046, 38.058244, 38.055113, 38.053964, 38.05107, 38.050489, 38.048683, 38.046424, 38.045189, 38.045006, 38.043108, 38.041447, 38.041455, 38.042157, 38.041623, 
38.040098, 38.040134, 38.036993, 38.034612, 38.033657, 38.030923, 38.028095, 38.026997, 38.024186, 38.02362, 38.022296, 38.0216, 38.021215, 38.018206, 38.016272, 38.017165, 38.020275, 38.020617, 38.021842, 38.02216, 38.023837, 38.026029, 38.027177, 38.028127, 38.033217, 38.034716, 38.038677, 38.039435, 38.036645, 38.037399, 38.039243)))",Darden - Key West
51003010502,Census Tract 105.02,Albemarle County,Virginia,2741,50985,52109,NA,49839,45390,71424,68359,2.1,0.7,0.1,"list(list(c(-78.45991, -78.458673, -78.458535, -78.457239, -78.455013, -78.452402, -78.447452, -78.444114, -78.4392, -78.437083, -78.430491, -78.431066, -78.434075, -78.434771, -78.432135, -78.431722, -78.430602, -78.430352, -78.427806, -78.424744, -78.429239, -78.429757, -78.439139, -78.443364, -78.4478, -78.448053, -78.448402, -78.450971, -78.454296, -78.454668, -78.452213, -78.454123, -78.456268, -78.458684, -78.460959, -78.45991, 38.03318, 38.034443, 38.034559, 38.035206, 38.037399, 38.036645, 
38.039435, 38.038677, 38.034716, 38.033217, 38.028127, 38.027177, 38.026029, 38.023837, 38.02216, 38.021842, 38.020617, 38.020275, 38.017165, 38.016272, 38.014891, 38.013632, 38.013526, 38.014829, 38.016312, 38.016929, 38.017349, 38.018073, 38.020574, 38.021604, 38.027733, 38.029577, 38.029505, 38.027561, 38.028519, 38.03318)))",Pantops
51003010602,Census Tract 106.02,Albemarle County,Virginia,4711,64800,71250,NA,78750,47554,61366,101964,7.4,11.5,3.4,"list(list(c(-78.471408, -78.472213, -78.468975, -78.467479, -78.464405, -78.464578, -78.463752, -78.461216, -78.455725, -78.453091, -78.444728, -78.442982, -78.441836, -78.444962, -78.446798, -78.44683, -78.446303, -78.43976, -78.439508, -78.44276, -78.443317, -78.447738, -78.451366, -78.451571, -78.449214, -78.454807, -78.45688, -78.458939, -78.457296, -78.462943, -78.46403, -78.46613, -78.470018, -78.47072, -78.472258, -78.471408, 38.050991, 38.052543, 38.056432, 38.059071, 38.064699, 38.068283, 
38.071514, 38.074098, 38.077808, 38.080225, 38.085765, 38.088247, 38.086638, 38.083968, 38.08024, 38.078357, 38.077627, 38.073884, 38.072304, 38.07018, 38.067283, 38.065455, 38.06206, 38.060819, 38.058929, 38.055108, 38.055613, 38.051005, 38.049412, 38.049521, 38.049554, 38.0457, 38.046759, 38.04873, 38.04878, 38.050991)))",Dunlora - Stone Henge
51003010603,Census Tract 106.03,Albemarle County,Virginia,2480,55132,60750,NA,50417,NA,125666,64286,7.9,5.9,4.5,"list(list(c(-78.484295, -78.480778, -78.479448, -78.473788, -78.471658, -78.468429, -78.468097, -78.468005, -78.468318, -78.466889, -78.472602, -78.471754, -78.474871, -78.474522, -78.477378, -78.479154, -78.480332, -78.482462, -78.485202, -78.484295, 38.070023, 38.073943, 38.075433, 38.081788, 38.078255, 38.075874, 38.074677, 38.074057, 38.07032, 38.06783, 38.067476, 38.070509, 38.068728, 38.067588, 38.06493, 38.06568, 38.065819, 38.067578, 38.068974, 38.070023)))",Branchland
51003010604,Census Tract 106.04,Albemarle County,Virginia,4090,54955,59386,NA,58173,54935,46518,88207,4.8,0,6.9,"list(list(c(-78.472264, -78.47079, -78.47026, -78.466369, -78.461235, -78.453935, -78.452062, -78.449122, -78.447302, -78.445378, -78.444827, -78.443507, -78.443616, -78.442982, -78.444728, -78.453091, -78.455725, -78.461216, -78.463752, -78.464578, -78.464405, -78.465033, -78.466889, -78.468318, -78.468005, -78.468097, -78.468429, -78.471658, -78.473788, -78.472264, 38.084319, 38.086895, 38.087825, 38.094558, 38.101011, 38.097466, 38.097267, 38.099165, 38.098938, 38.097207, 38.094441, 38.092725, 
38.088873, 38.088247, 38.085765, 38.080225, 38.077808, 38.074098, 38.071514, 38.068283, 38.064699, 38.065237, 38.06783, 38.07032, 38.074057, 38.074677, 38.075874, 38.078255, 38.081788, 38.084319)))",Woodbrook - Carrsbrook
51003010701,Census Tract 107.01,Albemarle County,Virginia,2825,40170,44123,NA,34306,36444,55266,107723,11,30.5,0,"list(list(c(-78.499179, -78.498103, -78.496888, -78.495108, -78.49108, -78.488485, -78.484295, -78.485202, -78.491579, -78.492636, -78.495034, -78.496263, -78.49643, -78.49862, -78.499087, -78.499179, 38.073558, 38.075427, 38.07527, 38.074545, 38.074113, 38.072566, 38.070023, 38.068974, 38.061895, 38.063635, 38.065337, 38.066424, 38.066718, 38.069852, 38.071202, 38.073558)))",Hydraulic
51003010702,Census Tract 107.02,Albemarle County,Virginia,3017,47458,49464,NA,53082,NA,46962,64884,8.2,0,9.2,"list(list(c(-78.498103, -78.495348, -78.494335, -78.491099, -78.49059, -78.487038, -78.483211, -78.481267, -78.479953, -78.477386, -78.474428, -78.473788, -78.479448, -78.480778, -78.484295, -78.488485, -78.49108, -78.495108, -78.496888, -78.498103, 38.075427, 38.079061, 38.079955, 38.082443, 38.082762, 38.084688, 38.086625, 38.086988, 38.086746, 38.085049, 38.082754, 38.081788, 38.075433, 38.073943, 38.070023, 38.072566, 38.074113, 38.074545, 38.07527, 38.075427)))",Commonwealth - Townwood - Berkmar
51003010801,Census Tract 108.01,Albemarle County,Virginia,3470,37213,42470,NA,32944,36531,70648,68769,6.6,11.2,0.3,"list(list(c(-78.526985, -78.524312, -78.522853, -78.522482, -78.519953, -78.518917, -78.514716, -78.511933, -78.508266, -78.504512, -78.504264, -78.504125, -78.50362, -78.499087, -78.49862, -78.49643, -78.496263, -78.495034, -78.502402, -78.500569, -78.503748, -78.507616, -78.507535, -78.518166, -78.520154, -78.52256, -78.524633, -78.526401, -78.527589, -78.526985, 38.054048, 38.056502, 38.05602, 38.05823, 38.06287, 38.062139, 38.063877, 38.061918, 38.06143, 38.064924, 38.065347, 38.066092, 38.067231, 
38.071202, 38.069852, 38.066718, 38.066424, 38.065337, 38.060463, 38.05804, 38.057069, 38.056269, 38.056417, 38.054929, 38.054182, 38.052388, 38.048506, 38.050115, 38.051634, 38.054048)))",Barracks - Hessian Hills
51003010802,Census Tract 108.02,Albemarle County,Virginia,2518,44527,48816,16222,29349,51908,NA,107662,16.2,27.8,0.9,"list(list(c(-78.532357, -78.533328, -78.53298, -78.533331, -78.531863, -78.531067, -78.531905, -78.531575, -78.529581, -78.529005, -78.527344, -78.529254, -78.529468, -78.52901, -78.525176, -78.520757, -78.522209, -78.520951, -78.520832, -78.519393, -78.518108, -78.517017, -78.517079, -78.514287, -78.512259, -78.511165, -78.511261, -78.508223, -78.507478, -78.504614, -78.504703, -78.501263, -78.499549, -78.495801, -78.496879, -78.496449, -78.495054, -78.495073, -78.49295, -78.491796, -78.489639, 
-78.488187, -78.488439, -78.487732, -78.484581, -78.482343, -78.479692, -78.47512, -78.472692, -78.47105, -78.469091, -78.46574, -78.461235, -78.466369, -78.47026, -78.47079, -78.472264, -78.473788, -78.474428, -78.477386, -78.479953, -78.481267, -78.483211, -78.487038, -78.49059, -78.491099, -78.494335, -78.495348, -78.498103, -78.499179, -78.499087, -78.50362, -78.504125, -78.504264, -78.504512, -78.508266, -78.511933, -78.514716, -78.518917, -78.519953, -78.522482, -78.522853, -78.524312, -78.526985, 
-78.527589, -78.530621, -78.530587, -78.533691, -78.532357, 38.061806, 38.062881, 38.066701, 38.068415, 38.069174, 38.07042, 38.073369, 38.074706, 38.075125, 38.074422, 38.076063, 38.076986, 38.078523, 38.079006, 38.077946, 38.078158, 38.079273, 38.08014, 38.081425, 38.082995, 38.081962, 38.082137, 38.083999, 38.081955, 38.082168, 38.085775, 38.088125, 38.090084, 38.09166, 38.094393, 38.095886, 38.098324, 38.097229, 38.096019, 38.098248, 38.099481, 38.099636, 38.098569, 38.0976, 38.096159, 38.095866, 
38.093928, 38.092981, 38.091219, 38.09129, 38.093279, 38.093765, 38.096964, 38.099874, 38.103844, 38.104757, 38.103494, 38.101011, 38.094558, 38.087825, 38.086895, 38.084319, 38.081788, 38.082754, 38.085049, 38.086746, 38.086988, 38.086625, 38.084688, 38.082762, 38.082443, 38.079955, 38.079061, 38.075427, 38.073558, 38.071202, 38.067231, 38.066092, 38.065347, 38.064924, 38.06143, 38.061918, 38.063877, 38.062139, 38.06287, 38.05823, 38.05602, 38.056502, 38.054048, 38.051634, 38.054634, 38.056226, 
38.05945, 38.061806)))",Albemarle High School
51003010901,Census Tract 109.01,Albemarle County,Virginia,1941,22860,33170,NA,NA,NA,39602,28875,28.2,0,5.5,"list(list(c(-78.524633, -78.52256, -78.520154, -78.518166, -78.507535, -78.507616, -78.50997, -78.504839, -78.506783, -78.511389, -78.511909, -78.514634, -78.513997, -78.515701, -78.521568, -78.523547, -78.524725, -78.524633, 38.048506, 38.052388, 38.054182, 38.054929, 38.056417, 38.056269, 38.051941, 38.047275, 38.044961, 38.043795, 38.044049, 38.044838, 38.044161, 38.044907, 38.046483, 38.047396, 38.048299, 38.048506)))",Old Ivy - Darden School (UVA)
51003010904,Census Tract 109.04,Albemarle County,Virginia,7707,4046,32120,27566,34879,NA,27589,NA,26.7,26.5,8,"list(list(c(-78.528742, -78.527246, -78.526778, -78.526292, -78.524725, -78.523547, -78.521568, -78.515701, -78.513997, -78.516072, -78.517028, -78.516892, -78.515527, -78.514545, -78.51378, -78.508096, -78.506256, -78.505383, -78.504591, -78.501248, -78.503456, -78.501517, -78.499627, -78.497791, -78.498922, -78.501997, -78.503645, -78.508415, -78.509613, -78.51101, -78.513109, -78.514463, -78.516501, -78.520179, -78.520048, -78.523035, -78.52785, -78.52851, -78.528742, 38.026785, 38.033948, 38.041484, 
38.044495, 38.048299, 38.047396, 38.046483, 38.044907, 38.044161, 38.043486, 38.040886, 38.039879, 38.036644, 38.036765, 38.037063, 38.035831, 38.039625, 38.041104, 38.042791, 38.040409, 38.036746, 38.036037, 38.034038, 38.033255, 38.032907, 38.032116, 38.032057, 38.032017, 38.032161, 38.030835, 38.029506, 38.028701, 38.028634, 38.029781, 38.026045, 38.026329, 38.026784, 38.026794, 38.026785)))",Carr's Hill - McCormick Road (UVA)
51003011000,Census Tract 110,Albemarle County,Virginia,6671,78833,85665,39205,NA,45129,79100,104637,2.8,1.7,5.2,"list(list(c(-78.670757, -78.66692, -78.663742, -78.66486, -78.663365, -78.659805, -78.659587, -78.66225, -78.661425, -78.661307, -78.657931, -78.65803, -78.656387, -78.653385, -78.651925, -78.651661, -78.649343, -78.647991, -78.647875, -78.646442, -78.644354, -78.642967, -78.639489, -78.640133, -78.637118, -78.638794, -78.638214, -78.636489, -78.636254, -78.637004, -78.633241, -78.630546, -78.630301, -78.632028, -78.628669, -78.626171, -78.625767, -78.621215, -78.618818, -78.616754, -78.616962, -78.613109, 
-78.611773, -78.609435, -78.608899, -78.602442, -78.600362, -78.598579, -78.594231, -78.593552, -78.592133, -78.593192, -78.589936, -78.585088, -78.581459, -78.57926, -78.575145, -78.560088, -78.557133, -78.547645, -78.545513, -78.542919, -78.543079, -78.54255, -78.543722, -78.543654, -78.542491, -78.540007, -78.537567, -78.535837, -78.531575, -78.531905, -78.531067, -78.531863, -78.533331, -78.53298, -78.533328, -78.532357, -78.533691, -78.530587, -78.530621, -78.527589, -78.526401, -78.524633, 
-78.524725, -78.526292, -78.526778, -78.527246, -78.528742, -78.529886, -78.536821, -78.542612, -78.547547, -78.562258, -78.56771, -78.571068, -78.575347, -78.579611, -78.582758, -78.599006, -78.604946, -78.609773, -78.613805, -78.624276, -78.62648, -78.62978, -78.631481, -78.636637, -78.654703, -78.658324, -78.661818, -78.67148, -78.670757, 38.032454, 38.034228, 38.036967, 38.03876, 38.040324, 38.04152, 38.045191, 38.047568, 38.049264, 38.051534, 38.052938, 38.055274, 38.056672, 38.055916, 38.056542, 
38.057847, 38.059329, 38.061554, 38.061987, 38.06345, 38.063768, 38.065856, 38.06808, 38.068716, 38.070172, 38.072372, 38.073232, 38.073203, 38.074584, 38.076543, 38.0776, 38.076924, 38.07874, 38.08033, 38.081264, 38.080942, 38.083026, 38.085909, 38.088106, 38.089298, 38.090779, 38.090444, 38.091922, 38.092494, 38.09474, 38.098641, 38.098524, 38.096381, 38.095176, 38.097038, 38.097488, 38.102603, 38.102628, 38.104297, 38.10452, 38.103953, 38.101455, 38.104184, 38.103541, 38.100851, 38.099309, 38.094963, 
38.092253, 38.091019, 38.085456, 38.083135, 38.082098, 38.080991, 38.079121, 38.078333, 38.074706, 38.073369, 38.07042, 38.069174, 38.068415, 38.066701, 38.062881, 38.061806, 38.05945, 38.056226, 38.054634, 38.051634, 38.050115, 38.048506, 38.048299, 38.044495, 38.041484, 38.033948, 38.026785, 38.025053, 38.02082, 38.022361, 38.022495, 38.021879, 38.021646, 38.021724, 38.022328, 38.023542, 38.024903, 38.032815, 38.034924, 38.035742, 38.03588, 38.034782, 38.034925, 38.034518, 38.033915, 38.033191, 
38.030926, 38.030593, 38.030644, 38.03132, 38.032454)))",Ivy
51003011101,Census Tract 111.01,Albemarle County,Virginia,2399,57772,58084,NA,55897,30458,57603,71528,3.6,0,0,"list(list(c(-78.72574, -78.725315, -78.721861, -78.719632, -78.718619, -78.717203, -78.711123, -78.708031, -78.704272, -78.703417, -78.700651, -78.698838, -78.695231, -78.693054, -78.69267, -78.692145, -78.690761, -78.682897, -78.682057, -78.674561, -78.672824, -78.671602, -78.667694, -78.66609, -78.663416, -78.658559, -78.657048, -78.654633, -78.654145, -78.651738, -78.650315, -78.649268, -78.651123, -78.651649, -78.650402, -78.651134, -78.649094, -78.647693, -78.647875, -78.647991, -78.648659, 
-78.652598, -78.657286, -78.661461, -78.662663, -78.664866, -78.665576, -78.67037, -78.673776, -78.676738, -78.679156, -78.692512, -78.692628, -78.691242, -78.690569, -78.693159, -78.699894, -78.699579, -78.702279, -78.705162, -78.70612, -78.708533, -78.710173, -78.714339, -78.714361, -78.717624, -78.718828, -78.721602, -78.723666, -78.724091, -78.725456, -78.72574, 38.090051, 38.091796, 38.092733, 38.09442, 38.093211, 38.092788, 38.095398, 38.094854, 38.094893, 38.095541, 38.095388, 38.09625, 38.096437, 
38.095234, 38.095427, 38.095681, 38.094939, 38.095173, 38.094855, 38.087027, 38.088251, 38.08827, 38.089796, 38.089203, 38.089672, 38.089544, 38.084281, 38.081876, 38.080521, 38.078342, 38.077882, 38.076684, 38.07425, 38.068846, 38.067225, 38.064756, 38.06462, 38.063331, 38.061987, 38.061554, 38.061663, 38.06195, 38.061339, 38.062036, 38.062232, 38.06264, 38.062854, 38.064943, 38.067295, 38.068486, 38.068863, 38.068791, 38.066718, 38.065911, 38.063956, 38.06315, 38.064656, 38.066779, 38.067391, 38.068501, 
38.068527, 38.072812, 38.07352, 38.077266, 38.077529, 38.079899, 38.081617, 38.083564, 38.084515, 38.086533, 38.088276, 38.090051)))",Crozet - Beaver Creek
51003011102,Census Tract 111.02,Albemarle County,Virginia,3145,56371,92787,NA,20644,NA,93837,132414,11.1,8.1,2.8,"list(list(c(-78.702279, -78.699579, -78.699894, -78.693159, -78.690569, -78.691242, -78.692628, -78.692512, -78.679156, -78.676738, -78.673776, -78.67037, -78.665576, -78.664866, -78.662663, -78.661461, -78.657286, -78.652598, -78.648659, -78.650021, -78.654793, -78.668572, -78.670325, -78.679414, -78.698944, -78.698519, -78.699122, -78.700636, -78.70049, -78.700694, -78.702915, -78.702279, 38.067391, 38.066779, 38.064656, 38.06315, 38.063956, 38.065911, 38.066718, 38.068791, 38.068863, 38.068486, 
38.067295, 38.064943, 38.062854, 38.06264, 38.062232, 38.062036, 38.061339, 38.06195, 38.061663, 38.060577, 38.059219, 38.052377, 38.051806, 38.05152, 38.051176, 38.054987, 38.057233, 38.05926, 38.060186, 38.062074, 38.066145, 38.067391)))",Western Ridge - Westhall
51003011103,Census Tract 111.03,Albemarle County,Virginia,4159,65448,78864,NA,NA,60205,78162,100329,6,7.7,4,"list(list(c(-78.747986, -78.746553, -78.747954, -78.742897, -78.739705, -78.735538, -78.732728, -78.731133, -78.72434, -78.71862, -78.716718, -78.714339, -78.710173, -78.708533, -78.70612, -78.705162, -78.702279, -78.702915, -78.700694, -78.70049, -78.700636, -78.699122, -78.698519, -78.698944, -78.679414, -78.670325, -78.668572, -78.654793, -78.650021, -78.648659, -78.647991, -78.649343, -78.651661, -78.651925, -78.653385, -78.656387, -78.65803, -78.657931, -78.661307, -78.661425, -78.66225, -78.659587, 
-78.659805, -78.663365, -78.66486, -78.663742, -78.66692, -78.670757, -78.67148, -78.681133, -78.683454, -78.693878, -78.710652, -78.714464, -78.719293, -78.726562, -78.732293, -78.741528, -78.749874, -78.747986, 38.064519, 38.06971, 38.07211, 38.074685, 38.074326, 38.072133, 38.072056, 38.072494, 38.075331, 38.077107, 38.07735, 38.077266, 38.07352, 38.072812, 38.068527, 38.068501, 38.067391, 38.066145, 38.062074, 38.060186, 38.05926, 38.057233, 38.054987, 38.051176, 38.05152, 38.051806, 38.052377, 
38.059219, 38.060577, 38.061663, 38.061554, 38.059329, 38.057847, 38.056542, 38.055916, 38.056672, 38.055274, 38.052938, 38.051534, 38.049264, 38.047568, 38.045191, 38.04152, 38.040324, 38.03876, 38.036967, 38.034228, 38.032454, 38.03132, 38.032008, 38.032344, 38.035237, 38.039425, 38.040378, 38.041905, 38.045187, 38.04697, 38.053529, 38.062306, 38.064519)))",Old Trail
51003011201,Census Tract 112.01,Albemarle County,Virginia,4142,48071,58625,NA,38260,40395,68625,78958,5.5,6.9,1.3,"list(list(c(-78.837013, -78.829927, -78.826512, -78.825203, -78.822221, -78.821691, -78.81862, -78.817289, -78.811857, -78.810497, -78.806482, -78.805067, -78.801617, -78.798372, -78.792788, -78.792228, -78.79313, -78.792841, -78.793927, -78.791606, -78.78884, -78.78807, -78.78603, -78.781078, -78.780813, -78.77891, -78.779247, -78.77738, -78.777203, -78.777887, -78.779569, -78.781173, -78.781152, -78.780301, -78.775844, -78.772626, -78.770718, -78.763283, -78.760039, -78.753676, -78.751276, -78.749376, 
-78.744899, -78.743727, -78.737435, -78.718244, -78.714634, -78.712314, -78.704636, -78.703322, -78.69617, -78.69528, -78.695795, -78.694439, -78.694592, -78.692134, -78.69267, -78.693054, -78.695231, -78.698838, -78.700651, -78.703417, -78.704272, -78.708031, -78.711123, -78.717203, -78.718619, -78.719632, -78.721861, -78.725315, -78.72574, -78.725456, -78.724091, -78.723666, -78.721602, -78.718828, -78.717624, -78.714361, -78.714339, -78.716718, -78.71862, -78.72434, -78.731133, -78.732728, -78.735538, 
-78.739705, -78.742897, -78.747954, -78.746553, -78.747986, -78.749874, -78.741528, -78.732293, -78.726562, -78.719293, -78.714464, -78.710652, -78.693878, -78.683454, -78.681133, -78.67148, -78.661818, -78.658324, -78.654703, -78.636637, -78.636351, -78.631526, -78.629634, -78.629321, -78.625892, -78.625862, -78.627407, -78.627013, -78.627014, -78.631964, -78.636418, -78.637905, -78.639218, -78.640488, -78.639677, -78.637133, -78.63595, -78.635193, -78.639585, -78.641993, -78.64523, -78.650899, 
-78.655823, -78.659245, -78.66197, -78.6642, -78.666254, -78.668717, -78.673775, -78.676638, -78.678069, -78.679675, -78.681842, -78.684627, -78.686808, -78.689535, -78.691118, -78.692213, -78.694783, -78.700478, -78.70365, -78.705354, -78.706169, -78.70896, -78.711682, -78.716032, -78.716828, -78.718938, -78.721663, -78.730786, -78.733319, -78.738935, -78.742347, -78.743262, -78.745276, -78.746149, -78.747101, -78.749888, -78.750183, -78.752514, -78.75291, -78.756205, -78.760379, -78.8014, -78.807041, 
-78.820125, -78.822274, -78.834176, -78.838874, -78.837013, 38.048258, 38.054025, 38.054427, 38.05604, 38.057962, 38.059231, 38.059855, 38.05963, 38.061726, 38.061478, 38.063204, 38.064649, 38.066024, 38.066627, 38.069504, 38.071198, 38.072628, 38.076009, 38.077511, 38.078184, 38.079695, 38.080941, 38.08167, 38.080757, 38.08203, 38.084369, 38.088921, 38.091807, 38.093217, 38.094478, 38.095579, 38.097185, 38.097835, 38.096343, 38.094867, 38.095474, 38.0954, 38.099251, 38.099168, 38.100898, 38.10073, 
38.101708, 38.104978, 38.106118, 38.107564, 38.110312, 38.110583, 38.109368, 38.108462, 38.108578, 38.106579, 38.10582, 38.104053, 38.102219, 38.100462, 38.098126, 38.095427, 38.095234, 38.096437, 38.09625, 38.095388, 38.095541, 38.094893, 38.094854, 38.095398, 38.092788, 38.093211, 38.09442, 38.092733, 38.091796, 38.090051, 38.088276, 38.086533, 38.084515, 38.083564, 38.081617, 38.079899, 38.077529, 38.077266, 38.07735, 38.077107, 38.075331, 38.072494, 38.072056, 38.072133, 38.074326, 38.074685, 
38.07211, 38.06971, 38.064519, 38.062306, 38.053529, 38.04697, 38.045187, 38.041905, 38.040378, 38.039425, 38.035237, 38.032344, 38.032008, 38.03132, 38.030644, 38.030593, 38.030926, 38.033191, 38.031716, 38.024019, 38.021374, 38.019684, 38.014859, 38.01331, 38.00975, 38.008107, 38.000064, 37.990197, 37.981214, 37.979742, 37.976924, 37.975171, 37.973813, 37.97229, 37.970717, 37.968079, 37.968305, 37.967977, 37.966732, 37.962764, 37.960385, 37.95675, 37.953173, 37.946991, 37.943433, 37.940746, 37.932588, 
37.928886, 37.925462, 37.92338, 37.921411, 37.917728, 37.914224, 37.911599, 37.909233, 37.905632, 37.900692, 37.905054, 37.908872, 37.909728, 37.911111, 37.913503, 37.915368, 37.91732, 37.918249, 37.918881, 37.921317, 37.92105, 37.922233, 37.920466, 37.92077, 37.921572, 37.921831, 37.920879, 37.921362, 37.918596, 37.920416, 37.919702, 37.920345, 37.916799, 37.914346, 37.982628, 37.991942, 38.014625, 38.018953, 38.039449, 38.04737, 38.048258)))",Yancey Mills - Batesville
51003011202,Census Tract 112.02,Albemarle County,Virginia,3859,74382,78125,NA,51667,58393,72642,117446,4.7,1.2,3.1,"list(list(c(-78.694783, -78.692213, -78.691118, -78.689535, -78.686808, -78.684627, -78.681842, -78.679675, -78.678069, -78.676638, -78.673775, -78.668717, -78.666254, -78.6642, -78.66197, -78.659245, -78.655823, -78.650899, -78.64523, -78.641993, -78.639585, -78.635193, -78.63595, -78.637133, -78.639677, -78.640488, -78.639218, -78.637905, -78.636418, -78.631964, -78.627014, -78.627013, -78.627407, -78.625862, -78.625892, -78.629321, -78.629634, -78.631526, -78.636351, -78.636637, -78.631481, -78.62978, 
-78.62648, -78.624276, -78.613805, -78.609773, -78.604946, -78.599006, -78.582758, -78.579611, -78.575347, -78.571068, -78.56771, -78.562258, -78.547547, -78.542612, -78.536821, -78.529886, -78.528742, -78.52851, -78.52785, -78.523035, -78.523377, -78.52368, -78.522566, -78.521351, -78.520725, -78.520375, -78.521885, -78.524416, -78.526402, -78.527229, -78.527348, -78.527847, -78.525938, -78.525763, -78.52638, -78.529161, -78.528531, -78.529891, -78.535095, -78.538478, -78.540444, -78.544312, -78.545331, 
-78.547191, -78.551799, -78.557491, -78.558854, -78.562513, -78.564591, -78.567633, -78.570402, -78.572805, -78.577617, -78.582033, -78.583438, -78.586828, -78.589007, -78.591095, -78.592994, -78.589688, -78.584825, -78.584745, -78.586931, -78.585221, -78.586751, -78.58923, -78.595401, -78.601905, -78.60595, -78.610157, -78.613536, -78.615414, -78.616699, -78.618172, -78.621807, -78.624432, -78.625558, -78.627243, -78.62906, -78.630883, -78.634875, -78.638906, -78.640971, -78.642072, -78.645642, 
-78.648578, -78.652231, -78.654267, -78.657447, -78.661151, -78.663848, -78.669184, -78.671629, -78.673307, -78.681201, -78.685191, -78.686756, -78.68922, -78.690731, -78.692237, -78.69295, -78.694293, -78.696703, -78.694783, 37.900692, 37.905632, 37.909233, 37.911599, 37.914224, 37.917728, 37.921411, 37.92338, 37.925462, 37.928886, 37.932588, 37.940746, 37.943433, 37.946991, 37.953173, 37.95675, 37.960385, 37.962764, 37.966732, 37.967977, 37.968305, 37.968079, 37.970717, 37.97229, 37.973813, 37.975171, 
37.976924, 37.979742, 37.981214, 37.990197, 38.000064, 38.008107, 38.00975, 38.01331, 38.014859, 38.019684, 38.021374, 38.024019, 38.031716, 38.033191, 38.033915, 38.034518, 38.034925, 38.034782, 38.03588, 38.035742, 38.034924, 38.032815, 38.024903, 38.023542, 38.022328, 38.021724, 38.021646, 38.021879, 38.022495, 38.022361, 38.02082, 38.025053, 38.026785, 38.026794, 38.026784, 38.026329, 38.023382, 38.022327, 38.018129, 38.018868, 38.018749, 38.018355, 38.018328, 38.0164, 38.013238, 38.007922, 38.00749, 
38.005571, 38.002312, 38.002126, 38.001665, 37.997882, 37.995796, 37.99428, 37.990552, 37.98576, 37.983678, 37.981632, 37.980098, 37.981105, 37.979881, 37.979186, 37.978521, 37.978534, 37.977571, 37.974064, 37.972148, 37.969882, 37.963456, 37.959135, 37.955039, 37.954127, 37.952691, 37.952613, 37.951534, 37.950169, 37.947345, 37.945443, 37.943336, 37.942831, 37.940814, 37.938688, 37.937149, 37.931346, 37.928148, 37.926229, 37.925341, 37.924487, 37.922932, 37.922097, 37.923097, 37.92213, 37.919658, 
37.917519, 37.917507, 37.916155, 37.918086, 37.918514, 37.919986, 37.920158, 37.917566, 37.916815, 37.913756, 37.91267, 37.9118, 37.907852, 37.906983, 37.907061, 37.90837, 37.90778, 37.901432, 37.900089, 37.898749, 37.897793, 37.895638, 37.895051, 37.89703, 37.896603, 37.898171, 37.900692)))",North Garden
51003011301,Census Tract 113.01,Albemarle County,Virginia,4929,45112,46807,62546,34840,34513,52549,79138,3.4,1.8,0.6,"list(list(c(-78.625558, -78.624432, -78.621807, -78.618172, -78.616699, -78.615414, -78.613536, -78.610157, -78.60595, -78.601905, -78.595401, -78.58923, -78.586751, -78.585221, -78.586931, -78.584745, -78.584825, -78.589688, -78.592994, -78.591095, -78.589007, -78.586828, -78.583438, -78.582033, -78.577617, -78.572805, -78.570402, -78.567633, -78.564591, -78.562513, -78.558854, -78.557491, -78.551799, -78.547191, -78.545331, -78.544312, -78.540444, -78.538478, -78.535095, -78.529891, -78.527935, 
-78.525957, -78.522911, -78.519467, -78.518904, -78.517335, -78.512985, -78.513166, -78.508775, -78.50571, -78.50556, -78.502264, -78.505566, -78.506333, -78.500412, -78.497208, -78.490304, -78.486994, -78.484731, -78.483099, -78.481101, -78.477078, -78.474746, -78.470864, -78.463562, -78.462652, -78.460485, -78.457841, -78.456696, -78.455233, -78.454975, -78.450904, -78.450667, -78.451751, -78.451386, -78.449882, -78.447455, -78.444768, -78.443165, -78.442989, -78.434582, -78.432495, -78.431029, 
-78.425468, -78.418268, -78.416742, -78.415599, -78.411587, -78.410151, -78.405396, -78.401943, -78.398346, -78.395162, -78.389506, -78.388259, -78.386835, -78.386479, -78.382587, -78.381111, -78.380676, -78.381263, -78.38101, -78.37771, -78.37485, -78.370578, -78.369353, -78.36929, -78.366568, -78.4205, -78.467764, -78.469097, -78.468625, -78.46875, -78.469681, -78.470492, -78.472032, -78.474167, -78.478444, -78.481305, -78.485098, -78.487244, -78.490775, -78.494301, -78.496776, -78.504372, -78.507619, 
-78.509416, -78.513792, -78.516156, -78.51911, -78.52502, -78.532178, -78.534408, -78.53882, -78.547327, -78.552985, -78.555546, -78.558541, -78.568936, -78.57471, -78.576154, -78.580607, -78.584537, -78.585871, -78.591387, -78.598791, -78.602184, -78.605676, -78.609483, -78.610163, -78.612244, -78.612316, -78.614268, -78.615781, -78.619397, -78.621788, -78.622392, -78.623985, -78.627243, -78.625558, 37.919658, 37.92213, 37.923097, 37.922097, 37.922932, 37.924487, 37.925341, 37.926229, 37.928148, 
37.931346, 37.937149, 37.938688, 37.940814, 37.942831, 37.943336, 37.945443, 37.947345, 37.950169, 37.951534, 37.952613, 37.952691, 37.954127, 37.955039, 37.959135, 37.963456, 37.969882, 37.972148, 37.974064, 37.977571, 37.978534, 37.978521, 37.979186, 37.979881, 37.981105, 37.980098, 37.981632, 37.983678, 37.98576, 37.990552, 37.99428, 37.993349, 37.994573, 37.994187, 37.997695, 37.998985, 37.999742, 37.998367, 37.997598, 37.996267, 37.996408, 37.994247, 37.993979, 37.98839, 37.981678, 37.988732, 
37.991001, 37.992778, 37.994615, 37.99865, 37.99974, 38.00383, 38.003011, 38.003719, 38.006383, 38.009362, 38.008354, 38.008535, 38.006055, 38.005895, 38.004445, 38.003026, 38.001332, 38.000712, 37.998355, 37.996979, 37.994618, 37.993312, 37.992871, 37.990053, 37.989449, 37.985945, 37.983234, 37.982332, 37.980703, 37.977983, 37.976785, 37.973941, 37.970446, 37.969869, 37.970364, 37.971109, 37.971362, 37.970922, 37.97121, 37.970806, 37.969371, 37.967657, 37.962985, 37.96019, 37.958182, 37.955683, 
37.953822, 37.949937, 37.948217, 37.947804, 37.945208, 37.942025, 37.938288, 37.87707, 37.823414, 37.824821, 37.827375, 37.83014, 37.830814, 37.833793, 37.837013, 37.839689, 37.839579, 37.837628, 37.836453, 37.831677, 37.831208, 37.832323, 37.8337, 37.838942, 37.841849, 37.84439, 37.848365, 37.849484, 37.851704, 37.856671, 37.856272, 37.857821, 37.859635, 37.861543, 37.864682, 37.864829, 37.86594, 37.875363, 37.878488, 37.879652, 37.88149, 37.884213, 37.885872, 37.887534, 37.89121, 37.891548, 37.892925, 
37.895663, 37.896393, 37.899417, 37.904242, 37.906882, 37.907655, 37.9086, 37.909769, 37.912084, 37.916012, 37.917519, 37.919658)))",Monticello - Carters Mountain
51003011302,Census Tract 113.02,Albemarle County,Virginia,5106,41898,48388,42899,31728,33977,61820,69497,21.7,34.2,3.7,"list(list(c(-78.528531, -78.529161, -78.52638, -78.525763, -78.525938, -78.527847, -78.527348, -78.527229, -78.526402, -78.524416, -78.521885, -78.520375, -78.519386, -78.518745, -78.519157, -78.51861, -78.517474, -78.513396, -78.51016, -78.508473, -78.505442, -78.503313, -78.508206, -78.512437, -78.512985, -78.517335, -78.518904, -78.519467, -78.522911, -78.525957, -78.527935, -78.529891, -78.528531, 37.995796, 37.997882, 38.001665, 38.002126, 38.002312, 38.005571, 38.00749, 38.007922, 38.013238, 
38.0164, 38.018328, 38.018355, 38.017213, 38.013629, 38.010655, 38.010678, 38.010357, 38.009737, 38.009774, 38.011378, 38.010324, 38.0102, 38.004377, 37.998636, 37.998367, 37.999742, 37.998985, 37.997695, 37.994187, 37.994573, 37.993349, 37.99428, 37.995796)))",Oak Hill - Southwood
51003011303,Census Tract 113.03,Albemarle County,Virginia,3975,54462,57672,22159,NA,55875,55827,75721,6.9,5.8,0.4,"list(list(c(-78.512985, -78.512437, -78.508206, -78.503313, -78.500899, -78.493665, -78.491355, -78.489124, -78.485365, -78.483357, -78.483023, -78.481235, -78.480221, -78.475661, -78.475109, -78.481101, -78.483099, -78.484731, -78.486994, -78.490304, -78.497208, -78.500412, -78.506333, -78.505566, -78.502264, -78.50556, -78.50571, -78.508775, -78.513166, -78.512985, 37.998367, 37.998636, 38.004377, 38.0102, 38.012097, 38.015276, 38.017503, 38.017543, 38.015923, 38.014951, 38.012058, 38.012024, 38.01337, 
38.014511, 38.013917, 38.00383, 37.99974, 37.99865, 37.994615, 37.992778, 37.991001, 37.988732, 37.981678, 37.98839, 37.993979, 37.994247, 37.996408, 37.996267, 37.997598, 37.998367)))",Avon Street Ext. - Mill Creek
51003011400,Census Tract 114,Albemarle County,Virginia,4697,45833,48478,32692,37619,47727,57182,55905,8.5,13.8,5.9,"list(list(c(-78.756205, -78.75291, -78.752514, -78.750183, -78.749888, -78.747101, -78.746149, -78.745276, -78.743262, -78.742347, -78.738935, -78.733319, -78.730786, -78.721663, -78.718938, -78.716828, -78.716032, -78.711682, -78.70896, -78.706169, -78.705354, -78.70365, -78.700478, -78.694783, -78.696703, -78.694293, -78.69295, -78.692237, -78.690731, -78.68922, -78.686756, -78.685191, -78.681201, -78.673307, -78.671629, -78.669184, -78.663848, -78.661151, -78.657447, -78.654267, -78.652231, -78.648578, 
-78.645642, -78.642072, -78.640971, -78.638906, -78.634875, -78.630883, -78.62906, -78.627243, -78.623985, -78.622392, -78.621788, -78.619397, -78.615781, -78.614268, -78.612316, -78.612244, -78.610163, -78.609483, -78.605676, -78.602184, -78.598791, -78.591387, -78.585871, -78.584537, -78.580607, -78.576154, -78.57471, -78.568936, -78.558541, -78.555546, -78.552985, -78.547327, -78.53882, -78.534408, -78.532178, -78.52502, -78.51911, -78.516156, -78.513792, -78.509416, -78.507619, -78.504372, -78.496776, 
-78.494301, -78.490775, -78.487244, -78.485098, -78.481305, -78.478444, -78.474167, -78.472032, -78.470492, -78.469681, -78.46875, -78.468625, -78.469097, -78.467764, -78.468477, -78.476588, -78.488578, -78.490566, -78.490771, -78.491345, -78.493726, -78.494996, -78.496659, -78.498269, -78.498783, -78.498612, -78.497114, -78.495388, -78.495431, -78.496601, -78.49954, -78.505516, -78.51048, -78.511991, -78.515701, -78.520337, -78.525543, -78.530322, -78.536571, -78.540593, -78.542249, -78.544774, 
-78.545573, -78.552263, -78.557089, -78.560307, -78.56507, -78.570146, -78.573155, -78.580797, -78.585448, -78.590426, -78.59485, -78.600997, -78.607131, -78.612023, -78.613919, -78.616798, -78.62053, -78.622311, -78.626658, -78.629193, -78.632297, -78.633821, -78.639363, -78.64167, -78.643918, -78.645809, -78.648463, -78.652162, -78.6542, -78.657388, -78.658228, -78.658311, -78.658777, -78.662295, -78.667123, -78.66856, -78.670514, -78.67477, -78.677589, -78.678479, -78.680866, -78.683909, -78.685549, 
-78.686087, -78.686088, -78.684263, -78.684578, -78.684084, -78.683463, -78.684521, -78.684678, -78.683406, -78.682603, -78.678525, -78.67653, -78.675042, -78.671651, -78.667747, -78.667455, -78.669942, -78.67202, -78.675243, -78.678938, -78.682597, -78.682951, -78.684307, -78.687038, -78.688315, -78.690798, -78.693336, -78.69271, -78.691717, -78.690338, -78.689077, -78.687429, -78.684287, -78.682441, -78.68568, -78.686885, -78.687566, -78.688439, -78.688298, -78.689409, -78.691524, -78.698094, -78.708046, 
-78.717323, -78.721771, -78.725983, -78.730265, -78.732117, -78.73395, -78.753516, -78.760379, -78.756205, 37.916799, 37.920345, 37.919702, 37.920416, 37.918596, 37.921362, 37.920879, 37.921831, 37.921572, 37.92077, 37.920466, 37.922233, 37.92105, 37.921317, 37.918881, 37.918249, 37.91732, 37.915368, 37.913503, 37.911111, 37.909728, 37.908872, 37.905054, 37.900692, 37.898171, 37.896603, 37.89703, 37.895051, 37.895638, 37.897793, 37.898749, 37.900089, 37.901432, 37.90778, 37.90837, 37.907061, 37.906983, 
37.907852, 37.9118, 37.91267, 37.913756, 37.916815, 37.917566, 37.920158, 37.919986, 37.918514, 37.918086, 37.916155, 37.917507, 37.917519, 37.916012, 37.912084, 37.909769, 37.9086, 37.907655, 37.906882, 37.904242, 37.899417, 37.896393, 37.895663, 37.892925, 37.891548, 37.89121, 37.887534, 37.885872, 37.884213, 37.88149, 37.879652, 37.878488, 37.875363, 37.86594, 37.864829, 37.864682, 37.861543, 37.859635, 37.857821, 37.856272, 37.856671, 37.851704, 37.849484, 37.848365, 37.84439, 37.841849, 37.838942, 
37.8337, 37.832323, 37.831208, 37.831677, 37.836453, 37.837628, 37.839579, 37.839689, 37.837013, 37.833793, 37.830814, 37.83014, 37.827375, 37.824821, 37.823414, 37.822604, 37.813564, 37.800099, 37.797935, 37.797588, 37.796956, 37.796177, 37.795672, 37.794018, 37.791231, 37.789272, 37.784663, 37.779544, 37.772443, 37.767642, 37.764369, 37.761594, 37.758956, 37.757494, 37.757323, 37.757437, 37.758059, 37.758217, 37.759427, 37.762302, 37.762684, 37.762957, 37.763941, 37.763998, 37.763293, 37.762424, 
37.760866, 37.759515, 37.757621, 37.757155, 37.754047, 37.754746, 37.755048, 37.756234, 37.756218, 37.756575, 37.756321, 37.755798, 37.754221, 37.750945, 37.749867, 37.748005, 37.746043, 37.742858, 37.741859, 37.739214, 37.73715, 37.733084, 37.732635, 37.732703, 37.732019, 37.72939, 37.729069, 37.72635, 37.723582, 37.722758, 37.722747, 37.724482, 37.724644, 37.725885, 37.729569, 37.730471, 37.731812, 37.732769, 37.734664, 37.736419, 37.737505, 37.74049, 37.744691, 37.746966, 37.750253, 37.751891, 
37.754351, 37.756807, 37.759729, 37.760167, 37.759928, 37.759401, 37.758088, 37.757067, 37.757722, 37.759409, 37.761436, 37.762252, 37.764534, 37.768644, 37.771881, 37.773174, 37.773843, 37.773975, 37.773324, 37.77106, 37.771187, 37.773677, 37.775403, 37.776508, 37.778448, 37.779313, 37.7797, 37.781105, 37.784032, 37.784379, 37.785705, 37.787204, 37.788432, 37.788836, 37.796782, 37.808098, 37.825101, 37.840273, 37.846965, 37.854062, 37.861262, 37.865174, 37.868869, 37.902557, 37.914346, 37.916799
)))",Southern Albemarle - Scottsville
51540000201,Census Tract 2.01,Charlottesville city,Virginia,3070,34093,37352,NA,35375,24013,36707,95119,23.7,11,5.1,"list(list(c(-78.498994, -78.493097, -78.493136, -78.479453, -78.478677, -78.478427, -78.483626, -78.485806, -78.486421, -78.490071, -78.493429, -78.496233, -78.500443, -78.498994, 38.043133, 38.045725, 38.046377, 38.044899, 38.045564, 38.045266, 38.038253, 38.036166, 38.035452, 38.037983, 38.0391, 38.040144, 38.041735, 38.043133)))",Rose Hill - Harris - Venable
51540000202,Census Tract 2.02,Charlottesville city,Virginia,5436,8508,36156,NA,NA,35497,NA,44848,61.9,66.7,11.5,"list(list(c(-78.503456, -78.501248, -78.500443, -78.496233, -78.493429, -78.490071, -78.486421, -78.491913, -78.493334, -78.49655, -78.498922, -78.497791, -78.499627, -78.501517, -78.503456, 38.036746, 38.040409, 38.041735, 38.040144, 38.0391, 38.037983, 38.035452, 38.03196, 38.031439, 38.031673, 38.032907, 38.033255, 38.034038, 38.036037, 38.036746)))",10th & Page - Venable
51540000302,Census Tract 3.02,Charlottesville city,Virginia,3038,42542,45662,NA,27253,28750,72569,60327,8.3,11.5,3.1,"list(list(c(-78.475233, -78.474113, -78.471427, -78.468204, -78.465847, -78.463745, -78.45943, -78.458535, -78.458673, -78.45991, -78.460959, -78.458684, -78.456268, -78.454123, -78.452213, -78.454668, -78.456868, -78.45908, -78.462089, -78.466477, -78.468781, -78.47352, -78.476596, -78.475233, 38.029575, 38.031085, 38.031642, 38.036182, 38.038348, 38.036877, 38.035036, 38.034559, 38.034443, 38.03318, 38.028519, 38.027561, 38.029505, 38.029577, 38.027733, 38.021604, 38.021288, 38.022352, 38.022528, 
38.022295, 38.023965, 38.027729, 38.028484, 38.029575)))",Woolen Mills
51540000401,Census Tract 4.01,Charlottesville city,Virginia,3882,40645,41289,21563,27625,35932,42031,88750,19,33,11,"list(list(c(-78.503857, -78.50005, -78.498731, -78.496802, -78.494559, -78.491837, -78.489123, -78.490287, -78.488002, -78.485528, -78.482378, -78.481736, -78.47762, -78.478052, -78.481404, -78.481962, -78.485365, -78.489124, -78.491355, -78.493665, -78.500899, -78.503313, -78.505442, -78.503857, 38.011124, 38.014345, 38.015509, 38.017727, 38.02054, 38.023926, 38.026025, 38.026812, 38.030325, 38.029616, 38.027, 38.02844, 38.026732, 38.025897, 38.021255, 38.020481, 38.015923, 38.017543, 38.017503, 
38.015276, 38.012097, 38.0102, 38.010324, 38.011124)))",Ridge St.
51540000402,Census Tract 4.02,Charlottesville city,Virginia,4167,44435,51199,21061,41688,32025,68690,82258,10.5,16.4,7.7,"list(list(c(-78.485365, -78.481962, -78.481404, -78.478052, -78.47762, -78.476596, -78.47352, -78.468781, -78.466477, -78.462089, -78.463562, -78.467685, -78.469202, -78.469504, -78.474959, -78.475109, -78.475661, -78.480221, -78.481235, -78.483023, -78.483357, -78.485365, 38.015923, 38.020481, 38.021255, 38.025897, 38.026732, 38.028484, 38.027729, 38.023965, 38.022295, 38.022528, 38.020533, 38.017892, 38.014555, 38.011745, 38.013758, 38.013917, 38.014511, 38.01337, 38.012024, 38.012058, 38.014951, 
38.015923)))",Belmont
51540000501,Census Tract 5.01,Charlottesville city,Virginia,4226,40080,41318,29828,26498,48538,52128,65391,26.4,43.9,1.3,"list(list(c(-78.504629, -78.49565, -78.493334, -78.489881, -78.488002, -78.490287, -78.489123, -78.491837, -78.494559, -78.496802, -78.5003, -78.503031, -78.503214, -78.503744, -78.505517, -78.504629, 38.028567, 38.030842, 38.031439, 38.030977, 38.030325, 38.026812, 38.026025, 38.023926, 38.02054, 38.017727, 38.022334, 38.024298, 38.024251, 38.025908, 38.028309, 38.028567)))",Fifeville - Cherry Avenue
51540000502,Census Tract 5.02,Charlottesville city,Virginia,5295,57905,62024,NA,34492,49423,68906,71176,13.7,19.9,4.3,"list(list(c(-78.52368, -78.514983, -78.511507, -78.510448, -78.509734, -78.505517, -78.503744, -78.503214, -78.503031, -78.5003, -78.496802, -78.498731, -78.50005, -78.503857, -78.505442, -78.508473, -78.51016, -78.513396, -78.517474, -78.51861, -78.519157, -78.518745, -78.519386, -78.520375, -78.520725, -78.521351, -78.522566, -78.52368, 38.022327, 38.025162, 38.026358, 38.026633, 38.026939, 38.028309, 38.025908, 38.024251, 38.024298, 38.022334, 38.017727, 38.015509, 38.014345, 38.011124, 38.010324, 
38.011378, 38.009774, 38.009737, 38.010357, 38.010678, 38.010655, 38.013629, 38.017213, 38.018355, 38.018749, 38.018868, 38.018129, 38.022327)))",Fry's Springs
51540000600,Census Tract 6,Charlottesville city,Virginia,3298,10197,35224,NA,NA,28750,40208,57546,64.5,0,5.5,"list(list(c(-78.523377, -78.523035, -78.520048, -78.520179, -78.516501, -78.514463, -78.513109, -78.51101, -78.509613, -78.508415, -78.503645, -78.501997, -78.498922, -78.49655, -78.493334, -78.49565, -78.504629, -78.505517, -78.509734, -78.510448, -78.511507, -78.514983, -78.52368, -78.523377, 38.023382, 38.026329, 38.026045, 38.029781, 38.028634, 38.028701, 38.029506, 38.030835, 38.032161, 38.032017, 38.032057, 38.032116, 38.032907, 38.031673, 38.031439, 38.030842, 38.028567, 38.028309, 38.026939, 
38.026633, 38.026358, 38.025162, 38.022327, 38.023382)))",JPA - Fontaine
51540000700,Census Tract 7,Charlottesville city,Virginia,4499,22008,67781,NA,26023,19077,45469,93917,22.9,2.9,4.8,"list(list(c(-78.517028, -78.516072, -78.513997, -78.514634, -78.511909, -78.511389, -78.506783, -78.504839, -78.50997, -78.507616, -78.503748, -78.500882, -78.498973, -78.495134, -78.48906, -78.485197, -78.483513, -78.482112, -78.478677, -78.479453, -78.493136, -78.493097, -78.498994, -78.500443, -78.501248, -78.504591, -78.505383, -78.506256, -78.508096, -78.51378, -78.514545, -78.515527, -78.516892, -78.517028, 38.040886, 38.043486, 38.044161, 38.044838, 38.044049, 38.043795, 38.044961, 38.047275, 
38.051941, 38.056269, 38.057069, 38.054819, 38.052775, 38.057414, 38.056767, 38.056164, 38.055269, 38.053789, 38.045564, 38.044899, 38.046377, 38.045725, 38.043133, 38.041735, 38.040409, 38.042791, 38.041104, 38.039625, 38.035831, 38.037063, 38.036765, 38.036644, 38.039879, 38.040886)))",Barracks - Rugby
51540000800,Census Tract 8,Charlottesville city,Virginia,3504,55757,64706,27438,33519,28125,74821,101202,13,28.2,1.2,"list(list(c(-78.503748, -78.500569, -78.502402, -78.495034, -78.492636, -78.491579, -78.485202, -78.482462, -78.480332, -78.479154, -78.477378, -78.474522, -78.474871, -78.471754, -78.472602, -78.466889, -78.465033, -78.464405, -78.467479, -78.468975, -78.472213, -78.478427, -78.478677, -78.482112, -78.483513, -78.485197, -78.48906, -78.495134, -78.498973, -78.500882, -78.503748, 38.057069, 38.05804, 38.060463, 38.065337, 38.063635, 38.061895, 38.068974, 38.067578, 38.065819, 38.06568, 38.06493, 
38.067588, 38.068728, 38.070509, 38.067476, 38.06783, 38.065237, 38.064699, 38.059071, 38.056432, 38.052543, 38.045266, 38.045564, 38.053789, 38.055269, 38.056164, 38.056767, 38.057414, 38.052775, 38.054819, 38.057069)))",Greenbrier - Meadows
51540000900,Census Tract 9,Charlottesville city,Virginia,2097,57978,62829,28262,32188,50972,51964,88938,7.7,0,3.5,"list(list(c(-78.478427, -78.472213, -78.471408, -78.472258, -78.47072, -78.470018, -78.46613, -78.46403, -78.462943, -78.457296, -78.458939, -78.45688, -78.454807, -78.449214, -78.447652, -78.447563, -78.4463, -78.446686, -78.447718, -78.449215, -78.453741, -78.454732, -78.454092, -78.455013, -78.457239, -78.458535, -78.45943, -78.463745, -78.465847, -78.46749, -78.468253, -78.469315, -78.471936, -78.475105, -78.478427, 38.045266, 38.052543, 38.050991, 38.04878, 38.04873, 38.046759, 38.0457, 38.049554, 
38.049521, 38.049412, 38.051005, 38.055613, 38.055108, 38.058929, 38.056589, 38.053525, 38.049421, 38.047904, 38.045713, 38.045306, 38.045762, 38.045278, 38.039243, 38.037399, 38.035206, 38.034559, 38.035036, 38.036877, 38.038348, 38.038999, 38.038994, 38.03909, 38.040493, 38.043065, 38.045266)))",Locust Grove
51540001000,Census Tract 10,Charlottesville city,Virginia,3777,52396,55412,45726,51250,24453,56867,71944,9.4,3.1,1.4,"list(list(c(-78.491913, -78.486421, -78.485806, -78.483626, -78.478427, -78.475105, -78.471936, -78.469315, -78.468253, -78.46749, -78.465847, -78.468204, -78.471427, -78.474113, -78.475233, -78.476596, -78.47762, -78.481736, -78.482378, -78.485528, -78.488002, -78.489881, -78.493334, -78.491913, 38.03196, 38.035452, 38.036166, 38.038253, 38.045266, 38.043065, 38.040493, 38.03909, 38.038994, 38.038999, 38.038348, 38.036182, 38.031642, 38.031085, 38.029575, 38.028484, 38.026732, 38.02844, 38.027, 
38.029616, 38.030325, 38.030977, 38.031439, 38.03196)))",Downtown
